{"cameraMode":{"drawMode":0,"name":"Shaded","section":"Shading Mode"},"sceneLighting":false,"audioPlay":false,"sceneViewState":{"showFog":false,"showMaterialUpdate":false,"showSkybox":false,"showFlares":false,"showImageEffects":false,"showParticleSystems":true},"in2DMode":false,"pivot":{"x":-0.19202697277069093,"y":1.2632733583450318,"z":0.28012990951538088},"rotation":{"x":0.0006144012440927327,"y":0.9861077666282654,"z":-0.16603751480579377,"w":0.00475626764819026},"size":5.558005332946777,"orthographic":false}