{"cameraMode":{"drawMode":0,"name":"Shaded","section":"Shading Mode"},"sceneLighting":false,"audioPlay":false,"sceneViewState":{"showFog":false,"showMaterialUpdate":false,"showSkybox":false,"showFlares":false,"showImageEffects":false,"showParticleSystems":true},"in2DMode":false,"pivot":{"x":-0.0006139874458312988,"y":0.5020645260810852,"z":0.002443283796310425},"rotation":{"x":-0.012425674125552178,"y":0.9579793214797974,"z":-0.041995901614427569,"w":-0.2834743559360504},"size":2.68953537940979,"orthographic":false}