{"cameraMode":{"drawMode":0,"name":"Shaded","section":"Shading Mode"},"sceneLighting":false,"audioPlay":false,"sceneViewState":{"showFog":false,"showMaterialUpdate":false,"showSkybox":false,"showFlares":false,"showImageEffects":false,"showParticleSystems":true},"in2DMode":false,"pivot":{"x":0.010656476020812989,"y":0.5914992690086365,"z":0.032709717750549319},"rotation":{"x":-0.013954401947557927,"y":0.9849345088005066,"z":-0.14313067495822907,"w":-0.09603691101074219},"size":5.556480884552002,"orthographic":false}