{"cameraMode":{"drawMode":0,"name":"Shaded","section":"Shading Mode"},"sceneLighting":false,"audioPlay":false,"sceneViewState":{"showFog":false,"showMaterialUpdate":false,"showSkybox":false,"showFlares":false,"showImageEffects":false,"showParticleSystems":true},"in2DMode":false,"pivot":{"x":5.460000038146973,"y":0.30904296040534975,"z":7.814867973327637},"rotation":{"x":-0.007078791037201881,"y":-0.9908804297447205,"z":0.05894036218523979,"w":-0.12096316367387772},"size":1.7708137035369874,"orthographic":false}