{"cameraMode":{"drawMode":0,"name":"Shaded","section":"Shading Mode"},"sceneLighting":false,"audioPlay":false,"sceneViewState":{"showFog":false,"showMaterialUpdate":false,"showSkybox":false,"showFlares":false,"showImageEffects":false,"showParticleSystems":true},"in2DMode":false,"pivot":{"x":4.141471862792969,"y":-5.99798583984375,"z":0.0787515640258789},"rotation":{"x":0.11478185653686524,"y":0.8231809735298157,"z":-0.17961832880973817,"w":0.5262466669082642},"size":57.4566535949707,"orthographic":false}