{"cameraMode":{"drawMode":0,"name":"Shaded","section":"Shading Mode"},"sceneLighting":false,"audioPlay":false,"sceneViewState":{"showFog":false,"showMaterialUpdate":false,"showSkybox":false,"showFlares":false,"showImageEffects":false,"showParticleSystems":true},"in2DMode":false,"pivot":{"x":0.00000286102294921875,"y":0.0,"z":9.5367431640625e-7},"rotation":{"x":-0.16889983415603639,"y":-0.5507722496986389,"z":0.11504892259836197,"w":-0.8092505931854248},"size":112.24810791015625,"orthographic":false}