{"cameraMode":{"drawMode":0,"name":"Shaded","section":"Shading Mode"},"sceneLighting":false,"audioPlay":false,"sceneViewState":{"showFog":false,"showMaterialUpdate":false,"showSkybox":false,"showFlares":false,"showImageEffects":false,"showParticleSystems":true},"in2DMode":false,"pivot":{"x":-5.960464477539063e-8,"y":1.204801321029663,"z":0.0},"rotation":{"x":0.00046685212873853743,"y":0.9985209703445435,"z":0.008677548728883267,"w":-0.05367065221071243},"size":5.8616204261779789,"orthographic":false}