{"cameraMode":{"drawMode":0,"name":"Shaded","section":"Shading Mode"},"sceneLighting":false,"audioPlay":false,"sceneViewState":{"showFog":false,"showMaterialUpdate":false,"showSkybox":false,"showFlares":false,"showImageEffects":false,"showParticleSystems":true},"in2DMode":false,"pivot":{"x":0.11293530464172363,"y":0.3696748614311218,"z":-0.010778188705444336},"rotation":{"x":0.001867789076641202,"y":0.9977664947509766,"z":-0.05874605104327202,"w":0.031740859150886539},"size":6.581223964691162,"orthographic":false}