{"cameraMode":{"drawMode":0,"name":"Shaded","section":"Shading Mode"},"sceneLighting":true,"audioPlay":false,"sceneViewState":{"showFog":false,"showMaterialUpdate":false,"showSkybox":false,"showFlares":false,"showImageEffects":false,"showParticleSystems":true},"in2DMode":false,"pivot":{"x":24.320877075195314,"y":4.181030750274658,"z":8.028820037841797},"rotation":{"x":0.021976085379719735,"y":0.8757556080818176,"z":-0.04027704894542694,"w":0.4805693030357361},"size":38.17787551879883,"orthographic":false}