{"cameraMode":{"drawMode":0,"name":"Shaded","section":"Shading Mode"},"sceneLighting":false,"audioPlay":false,"sceneViewState":{"showFog":false,"showMaterialUpdate":false,"showSkybox":false,"showFlares":false,"showImageEffects":false,"showParticleSystems":true},"in2DMode":false,"pivot":{"x":-0.11383265256881714,"y":0.9516911506652832,"z":0.3082582950592041},"rotation":{"x":0.048863619565963748,"y":0.9471492767333984,"z":-0.17561593651771546,"w":0.26396918296813967},"size":8.28062915802002,"orthographic":false}