{"cameraMode":{"drawMode":0,"name":"Shaded","section":"Shading Mode"},"sceneLighting":false,"audioPlay":false,"sceneViewState":{"showFog":false,"showMaterialUpdate":false,"showSkybox":false,"showFlares":false,"showImageEffects":false,"showParticleSystems":true},"in2DMode":false,"pivot":{"x":-0.0038518905639648439,"y":0.6890109181404114,"z":0.09587454795837403},"rotation":{"x":0.07149937748908997,"y":0.9273470640182495,"z":-0.28261038661003115,"w":0.23462051153182984},"size":15.639122009277344,"orthographic":false}