{"cameraMode":{"drawMode":0,"name":"Shaded","section":"Shading Mode"},"sceneLighting":false,"audioPlay":false,"sceneViewState":{"showFog":false,"showMaterialUpdate":false,"showSkybox":false,"showFlares":false,"showImageEffects":false,"showParticleSystems":true},"in2DMode":false,"pivot":{"x":-1.1920928955078126e-7,"y":1.1920928955078126e-7,"z":0.0},"rotation":{"x":0.002518425928428769,"y":0.9948891401290894,"z":-0.09762144088745117,"w":0.02567533776164055},"size":3.842433452606201,"orthographic":false}